,time,open_price,high_price,low_price,close_price,volume
0,2023-03-16 17:00:00,25051.75,27812.97,24945.0,27450.84,1421.80938717
1,2023-03-15 17:00:00,24386.43,25223.3,24224.24,25051.75,448.77754275
2,2023-03-14 17:00:00,24767.85,25284.77,23944.83,24386.43,646.9300365
3,2023-03-13 17:00:00,24236.61,26523.58,24047.19,24767.85,1186.533404
4,2023-03-12 17:00:00,22413.76,24689.7,22127.0,24236.61,1285.91371805
5,2023-03-11 16:00:00,21051.13,22999.99,20745.33,22413.76,1235.13970878
6,2023-03-10 16:00:00,20215.95,22138.99,20200.6,21051.13,1856.0653611
7,2023-03-09 16:00:00,20289.98,20300.0,19550.0,20215.95,818.99420246
8,2023-03-08 16:00:00,21704.4,21900.0,19300.0,20289.98,1644.08557592
9,2023-03-07 16:00:00,22211.93,22307.23,21583.39,21704.4,397.79410218
10,2023-03-06 16:00:00,22441.68,22549.84,21942.0,22211.93,440.8633001
11,2023-03-05 16:00:00,22428.34,22602.18,22270.25,22441.68,235.65236015
12,2023-03-04 16:00:00,22350.02,22643.36,22204.08,22428.34,72.64644579
13,2023-03-03 16:00:00,22502.71,23451.12,22166.71,22350.02,189.20877056
14,2023-03-02 16:00:00,23468.44,23481.2,22000.0,22502.71,908.20267741
15,2023-03-01 16:00:00,23652.59,23793.0,23202.72,23468.44,386.71251878
16,2023-02-28 16:00:00,23129.61,23984.44,23030.0,23652.59,337.66522722
17,2023-02-27 16:00:00,23494.73,23599.91,23031.92,23129.61,217.92765938
18,2023-02-26 16:00:00,23552.6,23885.27,23131.79,23494.73,425.46705426
19,2023-02-25 16:00:00,23170.88,23672.4,23069.14,23552.6,118.09264931
20,2023-02-24 16:00:00,23192.31,23215.96,22763.07,23170.88,133.80869336
21,2023-02-23 16:00:00,23948.04,24129.26,22853.7,23192.31,544.58657314
22,2023-02-22 16:00:00,24187.13,24600.0,23626.93,23948.04,350.60970533
23,2023-02-21 16:00:00,24450.5,24478.31,23585.31,24187.13,400.01895287
24,2023-02-20 16:00:00,24837.6,25250.0,24165.65,24450.5,612.68181797
25,2023-02-19 16:00:00,24289.53,25108.87,23857.95,24837.6,290.410564
26,2023-02-18 16:00:00,24633.13,25191.45,24211.0,24289.53,181.33495616
27,2023-02-17 16:00:00,24583.56,24862.26,24447.4,24633.13,90.85929172
28,2023-02-16 16:00:00,23520.73,25022.41,23362.63,24583.56,502.78212165
29,2023-02-15 16:00:00,24327.71,25248.87,23515.96,23520.73,907.09271257
30,2023-02-14 16:00:00,22213.76,24372.86,22059.99,24327.71,730.37852262
31,2023-02-13 16:00:00,21788.17,22322.35,21554.84,22213.76,343.04603628
32,2023-02-12 16:00:00,21784.4,21897.79,21379.61,21788.17,398.66300025
33,2023-02-11 16:00:00,21859.91,22077.22,21641.41,21784.4,118.51474121
34,2023-02-10 16:00:00,21632.82,21906.38,21615.75,21859.91,166.7123247
35,2023-02-09 16:00:00,21796.38,21929.99,21456.05,21632.82,554.60735366
36,2023-02-08 16:00:00,22975.33,23100.19,21686.0,21796.38,525.55483961
37,2023-02-07 16:00:00,23253.86,23442.0,22688.24,22975.33,249.03259979
38,2023-02-06 16:00:00,22763.32,23343.32,22749.55,23253.86,240.16915739
39,2023-02-05 16:00:00,22942.21,23158.26,22644.04,22763.32,376.69626578
40,2023-02-04 16:00:00,23344.6,23425.0,22763.36,22942.21,138.76698788
41,2023-02-03 16:00:00,23443.73,23575.81,23265.61,23344.6,138.50579608
42,2023-02-02 16:00:00,23486.51,23716.32,23218.51,23443.73,337.45675305
43,2023-02-01 16:00:00,23715.81,24254.29,23378.84,23486.51,511.64962701
44,2023-01-31 16:00:00,23138.09,23800.0,22801.85,23715.81,462.53413689
45,2023-01-30 16:00:00,22829.24,23303.72,22738.61,23138.09,371.24316228
46,2023-01-29 16:00:00,23761.08,23809.8,22498.99,22829.24,498.13991668
47,2023-01-28 16:00:00,23031.37,23953.42,22989.34,23761.08,335.61908423
48,2023-01-27 16:00:00,23075.34,23185.18,22888.45,23031.37,132.82086638
49,2023-01-26 16:00:00,23013.37,23495.58,22554.27,23075.34,442.03440767
50,2023-01-25 16:00:00,23054.33,23283.49,22866.73,23013.37,509.19151441
51,2023-01-24 16:00:00,22645.03,23817.34,22333.44,23054.33,561.02502611
52,2023-01-23 16:00:00,22916.75,23160.7,22476.89,22645.03,473.85795177
53,2023-01-22 16:00:00,22721.82,23171.47,22514.35,22916.75,445.45538694
54,2023-01-21 16:00:00,22790.41,23068.38,22311.47,22721.82,208.93791936
55,2023-01-20 16:00:00,22686.63,23354.72,22454.78,22790.41,502.87687347
56,2023-01-19 16:00:00,21087.22,22759.31,20870.0,22686.63,644.70246736
57,2023-01-18 16:00:00,20680.0,21188.14,20627.1,21087.22,497.99426156
58,2023-01-17 16:00:00,21141.43,21647.71,20413.93,20680.0,671.19749984
59,2023-01-16 16:00:00,21191.65,21595.31,20860.02,21141.43,497.83449605
60,2023-01-15 16:00:00,20895.0,21455.1,20642.35,21191.65,587.70632258
61,2023-01-14 16:00:00,20961.71,21053.04,20565.81,20895.0,383.2044192
62,2023-01-13 16:00:00,19934.04,21500.0,19903.19,20961.71,871.11661726
63,2023-01-12 16:00:00,18855.23,19997.79,18725.49,19934.04,941.78050059
64,2023-01-11 16:00:00,17949.47,19108.8,17900.0,18855.23,1193.45464522
65,2023-01-10 16:00:00,17442.95,17994.78,17302.14,17949.47,372.09028448
66,2023-01-09 16:00:00,17180.0,17493.45,17156.45,17442.95,324.81857675
67,2023-01-08 16:00:00,17127.57,17407.7,17111.19,17180.0,622.89133894
68,2023-01-07 16:00:00,16946.56,17164.05,16916.77,17127.57,224.22807971
69,2023-01-06 16:00:00,16952.92,16982.71,16881.18,16946.56,211.53570022
70,2023-01-05 16:00:00,16826.69,17041.86,16672.75,16952.92,405.64507287
71,2023-01-04 16:00:00,16854.3,16879.4,16745.82,16826.69,425.29875098
72,2023-01-03 16:00:00,16674.15,16975.08,16652.23,16854.3,629.77956663
73,2023-01-02 16:00:00,16666.61,16765.83,16590.9,16674.15,440.39688852
74,2023-01-01 16:00:00,16612.45,16775.0,16553.53,16666.61,292.35109285
75,2022-12-31 16:00:00,16529.0,16625.55,16489.46,16612.45,405.57697597
76,2022-12-30 16:00:00,16585.89,16624.93,16470.72,16529.0,1471.3249768
77,2022-12-29 16:00:00,16634.93,16651.0,16343.33,16585.89,672.48489523
78,2022-12-28 16:00:00,16533.41,16650.08,16488.6,16634.93,635.62862186
79,2022-12-27 16:00:00,16693.68,16740.0,16461.84,16533.41,865.49268257
80,2022-12-26 16:00:00,16908.98,16966.0,16599.1,16693.68,591.96572979
81,2022-12-25 16:00:00,16833.7,16929.58,16797.1,16908.98,234.99149041
82,2022-12-24 16:00:00,16849.79,16857.41,16680.0,16833.7,129.32658391
83,2022-12-23 16:00:00,16780.59,16874.5,16779.04,16849.79,152.52770167
84,2022-12-22 16:00:00,16823.03,16935.48,16750.99,16780.59,412.63138182
85,2022-12-21 16:00:00,16821.03,16874.33,16558.44,16823.03,872.07550676
86,2022-12-20 16:00:00,16908.52,16924.8,16750.0,16821.03,330.90720169
87,2022-12-19 16:00:00,16436.21,17000.0,16397.49,16908.52,372.03579689
88,2022-12-18 16:00:00,16746.46,16816.13,16256.06,16436.21,513.6310822
89,2022-12-17 16:00:00,16800.01,16855.52,16680.68,16746.46,232.76939832
90,2022-12-16 16:00:00,16637.01,16804.15,16593.01,16800.01,299.60549487
91,2022-12-15 16:00:00,17360.02,17470.0,16543.01,16637.01,696.95855701
92,2022-12-14 16:00:00,17803.55,18200.0,17287.1,17360.02,576.33592303
93,2022-12-13 16:00:00,17775.73,18360.51,17671.28,17803.55,949.62033105
94,2022-12-12 16:00:00,17215.47,17988.0,17096.9,17775.73,951.80447046
95,2022-12-11 16:00:00,17097.65,17237.47,16857.3,17215.47,512.08066648
96,2022-12-10 16:00:00,17140.18,17265.93,17084.42,17097.65,181.40501285
97,2022-12-09 16:00:00,17133.65,17242.39,17112.32,17140.18,414.93991034
98,2022-12-08 16:00:00,17233.43,17343.38,17069.33,17133.65,513.98599552
99,2022-12-07 16:00:00,16841.44,17292.45,16741.8,17233.43,620.96908936
100,2022-12-06 16:00:00,17091.48,17138.48,16689.06,16841.44,818.81040958
101,2022-12-05 16:00:00,16965.97,17129.64,16900.0,17091.48,578.11574367
102,2022-12-04 16:00:00,17113.31,17439.57,16874.14,16965.97,765.46869934
103,2022-12-03 16:00:00,16906.6,17210.13,16896.25,17113.31,330.48718172
104,2022-12-02 16:00:00,17097.82,17146.63,16882.13,16906.6,332.75625228
105,2022-12-01 16:00:00,16983.99,17101.01,16815.0,17097.82,421.45675066
106,2022-11-30 16:00:00,17167.03,17300.0,16900.0,16983.99,805.7539636
107,2022-11-29 16:00:00,16435.01,17246.82,16434.0,17167.03,874.71109259
108,2022-11-28 16:00:00,16212.39,16572.45,16098.34,16435.01,444.93812914
109,2022-11-27 16:00:00,16431.66,16482.08,16005.0,16212.39,549.73222308
110,2022-11-26 16:00:00,16454.1,16600.93,16405.0,16431.66,401.20423631
111,2022-11-25 16:00:00,16500.31,16684.08,16428.01,16454.1,392.68734455
112,2022-11-24 16:00:00,16577.33,16601.15,16341.9,16500.31,442.13792401
113,2022-11-23 16:00:00,16600.38,16796.59,16450.0,16577.33,457.29348164
114,2022-11-22 16:00:00,16192.05,16666.66,16143.69,16600.38,854.73786202
115,2022-11-21 16:00:00,15757.05,16284.89,15602.7,16192.05,779.42065307
116,2022-11-20 16:00:00,16247.48,16264.95,15485.62,15757.05,1771.39068937
117,2022-11-19 16:00:00,16685.2,16738.47,16161.36,16247.48,509.32167255
118,2022-11-18 16:00:00,16677.78,16800.0,16535.87,16685.2,354.14382886
119,2022-11-17 16:00:00,16660.05,16975.0,16513.8,16677.78,764.99788438
120,2022-11-16 16:00:00,16628.38,16781.31,16397.34,16660.05,1438.78897225
121,2022-11-15 16:00:00,16865.94,16984.51,16277.0,16628.38,2302.81126913
122,2022-11-14 16:00:00,16596.02,17100.0,16520.0,16865.94,4234.80647042
123,2022-11-13 16:00:00,16314.8,17146.63,15790.26,16596.02,1377.83581736
124,2022-11-12 16:00:00,16761.31,16915.34,16236.58,16314.8,516.23371993
125,2022-11-11 16:00:00,16939.88,17000.0,16508.6,16761.31,1090.64715658
126,2022-11-10 16:00:00,17566.09,17657.63,16341.5,16939.88,2407.75365213
127,2022-11-09 16:00:00,15880.18,18172.04,15724.19,17566.09,3102.16514439
128,2022-11-08 16:00:00,18545.44,18588.06,15555.0,15880.18,6179.46755571
129,2022-11-07 16:00:00,20500.71,20678.35,17025.41,18545.44,5914.74199625
130,2022-11-06 16:00:00,20932.0,21063.65,20397.95,20500.71,852.50236597
131,2022-11-05 17:00:00,21302.16,21358.99,20893.84,20932.0,302.8822916
132,2022-11-04 17:00:00,21156.18,21473.65,21084.33,21302.16,406.72868631
133,2022-11-03 17:00:00,20200.69,21293.24,20179.01,21156.18,1088.7269628
134,2022-11-02 17:00:00,20153.13,20387.79,20043.25,20200.69,574.26061711
135,2022-11-01 17:00:00,20476.36,20799.2,20059.66,20153.13,1155.63546375
136,2022-10-31 17:00:00,20495.6,20680.24,20334.64,20476.36,505.39419842
137,2022-10-30 17:00:00,20630.8,20833.79,20245.21,20495.6,763.57835804
138,2022-10-29 17:00:00,20822.1,20930.44,20518.9,20630.8,328.08463675
139,2022-10-28 17:00:00,20595.63,21078.31,20563.59,20822.1,447.47830721
140,2022-10-27 17:00:00,20291.12,20750.0,20001.0,20595.63,1184.86355389
141,2022-10-26 17:00:00,20772.67,20879.05,20211.91,20291.12,1301.88984144
142,2022-10-25 17:00:00,20089.09,21018.1,20058.64,20772.67,1416.23757737
143,2022-10-24 17:00:00,19334.22,20412.0,19246.46,20089.09,1508.92612819
144,2022-10-23 17:00:00,19573.16,19595.27,19167.36,19334.22,954.485133
145,2022-10-22 17:00:00,19204.5,19689.92,19080.65,19573.16,433.1692482
146,2022-10-21 17:00:00,19164.81,19250.0,19120.0,19204.5,361.31187882
147,2022-10-20 17:00:00,19046.3,19250.0,18666.0,19164.81,1002.10443651
148,2022-10-19 17:00:00,19128.09,19347.71,18912.19,19046.3,763.92409534
149,2022-10-18 17:00:00,19333.87,19359.55,19070.65,19128.09,712.83934807
150,2022-10-17 17:00:00,19553.51,19700.0,19100.0,19333.87,1096.37340412
151,2022-10-16 17:00:00,19263.57,19672.22,19165.64,19553.51,984.12982441
152,2022-10-15 17:00:00,19073.57,19425.0,19072.44,19263.57,257.11555126
153,2022-10-14 17:00:00,19184.53,19223.79,19007.0,19073.57,672.12530359
154,2022-10-13 17:00:00,19382.69,19946.3,19061.09,19184.53,1158.3085202
155,2022-10-12 17:00:00,19157.49,19501.28,18165.73,19382.69,2611.76143974
156,2022-10-11 17:00:00,19058.9,19226.5,18978.4,19157.49,688.16802365
157,2022-10-10 17:00:00,19131.81,19262.35,18860.71,19058.9,907.1772615
158,2022-10-09 17:00:00,19451.77,19528.04,19029.95,19131.81,884.89066179
159,2022-10-08 17:00:00,19415.77,19555.52,19327.88,19451.77,329.34031081
160,2022-10-07 17:00:00,19533.17,19634.76,19190.0,19415.77,369.35365376
161,2022-10-06 17:00:00,19961.91,20056.88,19326.94,19533.17,1406.54890884
162,2022-10-05 17:00:00,20166.09,20444.44,19860.94,19961.91,1321.49155688
163,2022-10-04 17:00:00,20340.09,20367.33,19743.18,20166.09,1101.74479621
164,2022-10-03 17:00:00,19629.01,20457.91,19501.38,20340.09,1540.03872757
165,2022-10-02 17:00:00,19061.36,19710.79,18970.65,19629.01,1287.34523178
166,2022-10-01 17:00:00,19317.82,19399.0,18928.22,19061.36,405.36354855
167,2022-09-30 17:00:00,19427.75,19488.0,19170.13,19317.82,419.80131958
168,2022-09-29 17:00:00,19592.0,20178.47,19162.73,19427.75,1851.44347241
169,2022-09-28 17:00:00,19411.95,19640.0,18844.56,19592.0,1276.29037705
170,2022-09-27 17:00:00,19081.94,19776.13,18480.0,19411.95,1999.23671019
171,2022-09-26 17:00:00,19228.5,20378.0,18828.5,19081.94,2691.19258008
172,2022-09-25 17:00:00,18813.98,19308.82,18692.89,19228.5,1046.83589238
173,2022-09-24 17:00:00,18924.93,19163.71,18640.0,18813.98,578.76829222
174,2022-09-23 17:00:00,19290.89,19313.41,18817.12,18924.93,500.10188484
175,2022-09-22 17:00:00,19400.33,19493.26,18540.01,19290.89,1308.10423462
176,2022-09-21 17:00:00,18428.01,19507.94,18363.3,19400.33,1387.70245141
177,2022-09-20 17:00:00,18881.55,19901.9,18156.69,18428.01,3335.62588075
178,2022-09-19 17:00:00,19534.28,19636.7,18733.6,18881.55,1381.05340303
179,2022-09-18 17:00:00,19420.1,19675.0,18250.0,19534.28,2174.91668961
180,2022-09-17 17:00:00,20122.63,20122.75,19340.0,19420.1,785.17028673
181,2022-09-16 17:00:00,19802.21,20177.17,19757.28,20122.63,530.74788644
182,2022-09-15 17:00:00,19704.24,19887.78,19327.51,19802.21,1221.05525993
183,2022-09-14 17:00:00,20233.65,20331.76,19490.0,19704.24,1795.37193666
184,2022-09-13 17:00:00,20171.63,20526.37,19628.09,20233.65,1705.48478593
185,2022-09-12 17:00:00,22407.24,22798.01,19880.15,20171.63,2692.49195876
186,2022-09-11 17:00:00,21845.19,22490.0,21553.21,22407.24,1658.2071616
187,2022-09-10 17:00:00,21649.02,21860.64,21366.51,21845.19,648.71714857
188,2022-09-09 17:00:00,21369.23,21800.0,21140.29,21649.02,1035.01133032
189,2022-09-08 17:00:00,19322.82,21600.0,19302.25,21369.23,3200.96875977
190,2022-09-07 17:00:00,19288.33,19451.72,19019.28,19322.82,1426.68179171
191,2022-09-06 17:00:00,18789.63,19462.1,18524.9,19288.33,1750.33952773
192,2022-09-05 17:00:00,19787.24,20175.0,18666.0,18789.63,2657.18542027
193,2022-09-04 17:00:00,20008.78,20050.0,19642.57,19787.24,511.88007337
194,2022-09-03 17:00:00,19833.37,20024.32,19600.86,20008.78,345.24070204
195,2022-09-02 17:00:00,19949.67,20049.83,19665.83,19833.37,365.26412428
196,2022-09-01 17:00:00,20120.31,20434.56,19764.91,19949.67,1012.80136876
197,2022-08-31 17:00:00,20055.37,20204.71,19568.96,20120.31,1893.19986331
198,2022-08-30 17:00:00,19800.79,20484.98,19800.79,20055.37,1410.76760465
199,2022-08-29 17:00:00,20291.72,20561.7,19549.66,19800.79,1348.9056931
200,2022-08-28 17:00:00,19549.6,20416.57,19549.6,20291.72,1812.85640882
201,2022-08-27 17:00:00,20034.85,20152.43,19523.9,19549.6,551.58525934
202,2022-08-26 17:00:00,20241.43,20383.39,19824.75,20034.85,1012.63835325
203,2022-08-25 17:00:00,21566.42,21872.32,20114.59,20241.43,2539.97315065
204,2022-08-24 17:00:00,21368.63,21805.16,21314.24,21566.42,733.5194519
205,2022-08-23 17:00:00,21519.66,21890.0,21157.19,21368.63,897.6098597
206,2022-08-22 17:00:00,21397.75,21690.81,20900.0,21519.66,1025.58147745
207,2022-08-21 17:00:00,21436.84,21539.38,20901.0,21397.75,1674.26578904
208,2022-08-20 17:00:00,21138.33,21791.44,21072.19,21436.84,537.35806056
209,2022-08-19 17:00:00,20837.7,21365.49,20754.06,21138.33,845.18313429
210,2022-08-18 17:00:00,23202.58,23202.58,20800.0,20837.7,2624.87860798
211,2022-08-17 17:00:00,23349.04,23598.06,23115.79,23202.58,651.80225672
212,2022-08-16 17:00:00,23868.75,24430.67,23200.0,23349.04,1236.33680743
213,2022-08-15 17:00:00,24100.0,24244.86,23677.98,23868.75,850.20899377
214,2022-08-14 17:00:00,24305.76,25204.28,23789.43,24100.0,1200.57796118
215,2022-08-13 17:00:00,24451.27,25029.64,24161.38,24305.76,507.0866652
216,2022-08-12 17:00:00,24414.77,24947.8,24313.94,24451.27,636.03510319
217,2022-08-11 17:00:00,23959.54,24450.0,23601.26,24414.77,893.80943897
218,2022-08-10 17:00:00,23962.89,24915.39,23876.78,23959.54,1594.71093323
219,2022-08-09 17:00:00,23151.43,24230.0,22683.86,23962.89,1396.99529166
220,2022-08-08 17:00:00,23823.56,23916.84,22881.23,23151.43,808.73384691
221,2022-08-07 17:00:00,23181.96,24240.0,23165.47,23823.56,1336.55319764
222,2022-08-06 17:00:00,22937.5,23399.54,22858.49,23181.96,296.9470568
223,2022-08-05 17:00:00,23316.92,23357.68,22923.16,22937.5,375.7125449
224,2022-08-04 17:00:00,22626.02,23470.63,22588.56,23316.92,1106.19819213
225,2022-08-03 17:00:00,22838.65,23224.38,22415.25,22626.02,1267.57411463
226,2022-08-02 17:00:00,22991.85,23640.77,22705.0,22838.65,1153.00553894
227,2022-08-01 17:00:00,23276.49,23450.0,22670.03,22991.85,1124.50097767
228,2022-07-31 17:00:00,23312.81,23500.1,22850.0,23276.49,1393.29480951
229,2022-07-30 17:00:00,23642.72,24199.99,23246.34,23312.81,728.72805008
230,2022-07-29 17:00:00,23812.3,24658.3,23528.41,23642.72,910.78814816
231,2022-07-28 17:00:00,23860.0,24444.88,23441.73,23812.3,1510.69190693
232,2022-07-27 17:00:00,22961.77,24196.83,22593.2,23860.0,2473.42418938
233,2022-07-26 17:00:00,21273.71,23152.51,21048.34,22961.77,1909.24820526
234,2022-07-25 17:00:00,21306.58,21339.28,20725.92,21273.71,2092.53039319
235,2022-07-24 17:00:00,22581.43,22659.41,21265.95,21306.58,2164.09721787
236,2022-07-23 17:00:00,22455.42,23007.75,22273.12,22581.43,700.53835208
237,2022-07-22 17:00:00,22679.04,22998.71,21953.41,22455.42,1000.82264616
238,2022-07-21 17:00:00,23162.89,23752.36,22514.5,22679.04,1561.76022516
239,2022-07-20 17:00:00,23217.92,23432.94,22350.0,23162.89,2211.88724758
240,2022-07-19 17:00:00,23399.05,24279.8,22923.9,23217.92,3076.66511929
241,2022-07-18 17:00:00,22440.9,23797.34,21588.38,23399.05,3303.28598119
242,2022-07-17 17:00:00,20786.36,22766.88,20764.82,22440.9,2708.29105244
243,2022-07-16 17:00:00,21198.04,21664.0,20753.34,20786.36,849.64474418
244,2022-07-15 17:00:00,20826.27,21580.88,20481.1,21198.04,829.97502747
245,2022-07-14 17:00:00,20578.3,21195.1,20374.79,20826.27,1427.30682419
246,2022-07-13 17:00:00,20232.15,20899.47,19608.68,20578.3,1734.56483544
247,2022-07-12 17:00:00,19311.11,20324.43,18909.0,20232.15,2479.23161886
248,2022-07-11 17:00:00,19947.28,20049.04,19233.68,19311.11,2261.19006431
249,2022-07-10 17:00:00,20835.45,20851.62,19869.47,19947.28,1703.65961153
250,2022-07-09 17:00:00,21576.63,21590.56,20652.02,20835.45,798.75075991
251,2022-07-08 17:00:00,21607.45,21954.38,21328.0,21576.63,573.22649254
252,2022-07-07 17:00:00,21612.5,22485.2,21177.76,21607.45,2328.51387254
253,2022-07-06 17:00:00,20543.96,21834.97,20242.17,21612.5,1963.88612757
254,2022-07-05 17:00:00,20159.6,20637.98,19746.46,20543.96,1448.44230445
255,2022-07-04 17:00:00,20205.45,20718.64,19281.67,20159.6,2241.2038072
256,2022-07-03 17:00:00,19291.37,20320.44,19033.67,20205.45,1295.33270407
257,2022-07-02 17:00:00,19220.19,19616.81,18776.24,19291.37,1120.55286001
258,2022-07-01 17:00:00,19254.9,19414.66,18967.4,19220.19,914.75580402
259,2022-06-30 17:00:00,19938.67,20882.35,18950.4,19254.9,2867.22662362
260,2022-06-30 06:00:00,19191.25,20882.35,18616.0,19258.66,3644.09415599
261,2022-06-29 06:00:00,19990.72,20399.03,18902.11,19191.25,2424.16272685
262,2022-06-28 06:00:00,20938.11,21103.07,19830.9,19990.72,2115.39900783
263,2022-06-27 06:00:00,21216.25,21259.12,20487.65,20938.11,1427.21082401
264,2022-06-26 06:00:00,21450.49,21509.49,20918.6,21216.25,1466.62234364
265,2022-06-25 06:00:00,21115.24,21870.14,20906.23,21450.49,816.75336815
266,2022-06-24 06:00:00,21196.1,21586.6,20781.0,21115.24,1636.86902788
267,2022-06-23 06:00:00,20548.33,21437.0,20146.07,21196.1,2345.13397403
268,2022-06-22 06:00:00,20364.74,20869.26,19757.23,20548.33,2655.4626808
269,2022-06-21 06:00:00,21089.77,21695.85,19947.37,20364.74,2372.78716766
270,2022-06-20 06:00:00,20539.82,21438.97,19807.88,21089.77,1860.83055837
271,2022-06-19 06:00:00,19322.49,20975.0,19116.68,20539.82,2261.50891335
272,2022-06-18 06:00:00,19125.73,19996.59,17581.01,19322.49,6096.93063637
273,2022-06-17 06:00:00,20621.76,20889.01,18655.78,19125.73,5259.02259491
274,2022-06-16 06:00:00,21121.02,21425.67,20181.12,20621.76,3794.1260525
275,2022-06-15 06:00:00,21162.1,22961.24,20230.0,21121.02,6404.55592526
276,2022-06-14 06:00:00,22115.67,22771.85,20066.0,21162.1,5186.47465126
277,2022-06-13 06:00:00,23619.33,24159.21,20817.49,22115.67,11424.21394742
278,2022-06-12 06:00:00,27401.76,28300.0,23418.54,23619.33,5689.65037844
279,2022-06-11 06:00:00,28447.51,28828.04,27165.97,27401.76,1511.86966286
280,2022-06-10 06:00:00,29612.32,29691.63,28323.13,28447.51,2381.04493259
281,2022-06-09 06:00:00,30075.56,30435.81,29475.0,29612.32,1238.22416791
282,2022-06-08 06:00:00,30126.75,30857.13,29905.54,30075.56,1338.71034508
283,2022-06-07 06:00:00,29479.93,31555.07,29405.07,30126.75,2181.90207967
284,2022-06-06 06:00:00,31386.85,31740.24,29186.45,29479.93,2016.48425425
285,2022-06-05 06:00:00,29697.09,31570.8,29603.14,31386.85,1173.83248876
286,2022-06-04 06:00:00,29512.16,29960.37,29466.5,29697.09,344.38780142
287,2022-06-03 06:00:00,29500.72,29868.38,29254.88,29512.16,752.73529954
288,2022-06-02 06:00:00,30046.31,30675.95,29459.06,29500.72,1426.7214696
289,2022-06-01 06:00:00,31725.72,31868.11,29308.53,30046.31,1817.38219978
290,2022-05-31 06:00:00,31601.17,32378.4,31220.0,31725.72,1333.93406335
291,2022-05-30 06:00:00,30509.71,32183.61,30248.65,31601.17,1589.61176188
292,2022-05-29 06:00:00,29355.13,30900.0,29050.0,30509.71,1457.35403267
293,2022-05-28 06:00:00,28943.86,29445.0,28762.2,29355.13,514.64864392
294,2022-05-27 06:00:00,29227.21,29347.77,28245.3,28943.86,1214.42450205
295,2022-05-26 06:00:00,28909.96,29734.66,28002.0,29227.21,2320.58243142
296,2022-05-25 06:00:00,29538.91,30014.14,28758.0,28909.96,1279.93685293
297,2022-05-24 06:00:00,29221.68,30187.6,28647.69,29538.91,1376.29420183
298,2022-05-23 06:00:00,30355.75,30524.87,28851.0,29221.68,1349.58762004
299,2022-05-22 06:00:00,30134.74,30626.76,29641.07,30355.75,659.11147387
300,2022-05-21 06:00:00,29252.74,30268.27,29201.64,30134.74,677.36853747
301,2022-05-20 06:00:00,30233.69,30394.02,28700.0,29252.74,1172.68850378
302,2022-05-19 06:00:00,29452.0,30733.0,29327.59,30233.69,1452.2613043
303,2022-05-18 06:00:00,29520.05,29634.13,28601.94,29452.0,1783.39840878
304,2022-05-17 06:00:00,30541.03,30733.61,29428.6,29520.05,1473.12043395
305,2022-05-16 06:00:00,29875.67,30735.05,29069.97,30541.03,1241.47553919
306,2022-05-15 06:00:00,30258.24,31402.25,29286.14,29875.67,1243.0249102
307,2022-05-14 06:00:00,29023.33,30537.52,28588.52,30258.24,1114.19298475
308,2022-05-13 06:00:00,30687.14,30980.4,28768.87,29023.33,1593.09909083
309,2022-05-12 06:00:00,28296.93,30960.83,27716.8,30687.14,4319.40014833
310,2022-05-11 06:00:00,29258.68,31955.14,25390.11,28296.93,9130.80234221
311,2022-05-10 06:00:00,32159.77,32354.15,29000.0,29258.68,4048.52594821
312,2022-05-09 06:00:00,32850.0,33394.45,29746.41,32159.77,5343.24810505
313,2022-05-08 06:00:00,34619.53,34721.0,32626.19,32850.0,1852.79582914
314,2022-05-07 06:00:00,36020.56,36068.77,34203.0,34619.53,1017.74190139
315,2022-05-06 06:00:00,35813.29,36415.42,35253.86,36020.56,1054.42027231
316,2022-05-05 06:00:00,39494.61,39504.6,35585.01,35813.29,2319.2778891
317,2022-05-04 06:00:00,38960.26,40011.42,38607.18,39494.61,1100.93782128
318,2022-05-03 06:00:00,38430.0,39156.12,37516.78,38960.26,921.46021568
319,2022-05-02 06:00:00,38492.39,39175.0,38051.6,38430.0,1155.20571448
320,2022-05-01 06:00:00,37966.07,39163.11,37687.9,38492.39,676.3280656
321,2022-04-30 06:00:00,38547.1,38659.82,37412.54,37966.07,506.78598675
322,2022-04-29 06:00:00,38914.6,39411.57,38158.9,38547.1,623.83119251
323,2022-04-28 06:00:00,39539.75,40369.07,38627.56,38914.6,1002.10009334
324,2022-04-27 06:00:00,38888.19,39889.62,38439.87,39539.75,652.43817385
325,2022-04-26 06:00:00,40289.49,40345.16,37697.42,38888.19,1345.40125375
326,2022-04-25 06:00:00,38815.71,40783.69,38640.02,40289.49,1158.935674
327,2022-04-24 06:00:00,39594.54,39933.07,38221.87,38815.71,847.46008789
328,2022-04-23 06:00:00,39718.39,39988.99,39363.42,39594.54,215.45848629
329,2022-04-22 06:00:00,40418.75,40619.8,39189.81,39718.39,1048.76994998
330,2022-04-21 06:00:00,42692.86,42977.1,39795.91,40418.75,1119.60366806
331,2022-04-20 06:00:00,42142.91,42831.05,40904.73,42692.86,776.5611006
332,2022-04-19 06:00:00,40969.71,42208.16,40858.07,42142.91,742.91476074
333,2022-04-18 06:00:00,39422.62,41259.01,39055.87,40969.71,1252.80798231
334,2022-04-17 06:00:00,40434.12,40589.3,38559.19,39422.62,753.55474088
335,2022-04-16 06:00:00,40469.61,40689.81,40018.61,40434.12,261.57663464
336,2022-04-15 06:00:00,40148.58,40840.0,39948.34,40469.61,603.67806682
337,2022-04-14 06:00:00,41148.61,41324.73,39563.77,40148.58,916.83329193
338,2022-04-13 06:00:00,39731.63,41550.87,39644.7,41148.61,1023.65951378
339,2022-04-12 06:00:00,40620.0,40630.91,39271.84,39731.63,1011.8109948
340,2022-04-11 06:00:00,41141.4,41203.58,39215.0,40620.0,1792.32666449
341,2022-04-10 06:00:00,42589.85,43429.78,40931.76,41141.4,908.58823866
342,2022-04-09 06:00:00,42520.02,42900.0,42207.93,42589.85,308.04779865
343,2022-04-08 06:00:00,43164.27,43988.14,42104.92,42520.02,941.88055447
344,2022-04-07 06:00:00,43546.77,43973.12,43023.48,43164.27,636.15856911
345,2022-04-06 06:00:00,44775.37,44975.64,42750.0,43546.77,1668.49868889
346,2022-04-05 06:00:00,46779.64,46864.0,44367.86,44775.37,1053.97462329
347,2022-04-04 06:00:00,46007.21,47183.93,45123.9,46779.64,1021.10259692
348,2022-04-03 06:00:00,46409.2,47450.0,45760.0,46007.21,700.25734761
349,2022-04-02 06:00:00,46747.56,46955.8,45565.48,46409.2,401.90945564
350,2022-04-01 06:00:00,45263.72,47206.57,45263.72,46747.56,831.16332222
351,2022-03-31 06:00:00,47421.06,47636.87,44248.0,45263.72,1056.5150337
352,2022-03-30 06:00:00,47330.68,47713.72,46853.86,47421.06,665.29840825
353,2022-03-29 06:00:00,47875.36,48042.18,46546.15,47330.68,756.89340568
354,2022-03-28 06:00:00,47234.17,48217.83,46877.88,47875.36,1164.64357285
355,2022-03-27 06:00:00,44463.2,47611.55,44461.37,47234.17,1055.72732115
356,2022-03-26 06:00:00,44391.91,44947.66,44158.46,44463.2,366.29440383
357,2022-03-25 06:00:00,44869.62,45124.14,44035.5,44391.91,805.00891584
358,2022-03-24 06:00:00,42838.58,44947.38,42616.51,44869.62,1090.31232161
359,2022-03-23 06:00:00,42396.13,43490.32,41976.31,42838.58,1111.38621001
360,2022-03-22 06:00:00,42983.63,43232.47,41777.0,42396.13,966.56131457
361,2022-03-21 06:00:00,41243.07,43359.99,40773.48,42983.63,1398.38803246
362,2022-03-20 06:00:00,41687.52,41698.43,40529.07,41243.07,503.16730162
363,2022-03-19 06:00:00,41888.88,42400.0,41350.0,41687.52,332.35969435
364,2022-03-18 06:00:00,40466.85,42350.0,40332.75,41888.88,913.91116548
